{"$schema":"http://schema.management.azure.com/schemas/2015-01-01/deploymentTemplate.json#","contentVersion":"1.0.0.0","parameters":{"factoryName":{"type":"string","metadata":"Data Factory name"},"AzureDatabricks1":{"type":"string"},"SqlServer1":{"type":"string"},"AzureDataLakeStorage1":{"type":"string"}},"variables":{"factoryId":"[concat('Microsoft.DataFactory/factories/', parameters('factoryName'))]"},"resources":[{"name":"[concat(parameters('factoryName'), '/copy_all_tables_pipeline')]","type":"Microsoft.DataFactory/factories/pipelines","apiVersion":"2018-06-01","properties":{"activities":[{"name":"lkp_tablenames","type":"Lookup","dependsOn":[],"policy":{"timeout":"0.12:00:00","retry":0,"retryIntervalInSeconds":30,"secureOutput":false,"secureInput":false},"userProperties":[],"typeProperties":{"source":{"type":"SqlServerSource","sqlReaderQuery":"SELECT SCHEMA_NAME(schema_id) AS SchemaName, name AS TableName FROM sys.tables\nwhere SCHEMA_NAME(schema_id)='SalesLT'","queryTimeout":"02:00:00","partitionOption":"None"},"dataset":{"referenceName":"schema_table_name","type":"DatasetReference","parameters":{}},"firstRowOnly":false}},{"name":"ForEach_tablename","description":"run the activities for each table name fetched from the lookup","type":"ForEach","dependsOn":[{"activity":"lkp_tablenames","dependencyConditions":["Succeeded"]}],"userProperties":[],"typeProperties":{"items":{"value":"@activity('lkp_tablenames').output.value","type":"Expression"},"activities":[{"name":"Copy_each_table","type":"Copy","dependsOn":[],"policy":{"timeout":"0.12:00:00","retry":0,"retryIntervalInSeconds":30,"secureOutput":false,"secureInput":false},"userProperties":[],"typeProperties":{"source":{"type":"SqlServerSource","sqlReaderQuery":{"value":"@concat('Select * from ',item().SchemaName,'.',item().TableName)","type":"Expression"},"queryTimeout":"02:00:00","partitionOption":"None"},"sink":{"type":"ParquetSink","storeSettings":{"type":"AzureBlobFSWriteSettings"},"formatSettings":{"type":"ParquetWriteSettings"}},"enableStaging":false,"translator":{"type":"TabularTranslator","typeConversion":true,"typeConversionSettings":{"allowDataTruncation":true,"treatBooleanAsNumber":false}}},"inputs":[{"referenceName":"SqlServerTable1","type":"DatasetReference","parameters":{}}],"outputs":[{"referenceName":"Parquet_target_files","type":"DatasetReference","parameters":{"schemaname":{"value":"@item().SchemaName","type":"Expression"},"tablename":{"value":"@item().TableName","type":"Expression"}}}]}]}},{"name":"bronze_to_silver","type":"DatabricksNotebook","dependsOn":[{"activity":"storage_mount","dependencyConditions":["Succeeded"]}],"policy":{"timeout":"0.12:00:00","retry":0,"retryIntervalInSeconds":30,"secureOutput":false,"secureInput":false},"userProperties":[],"typeProperties":{"notebookPath":"/Shared/final/bronze to silver"},"linkedServiceName":{"referenceName":"[parameters('AzureDatabricks1')]","type":"LinkedServiceReference"}},{"name":"silver_to_gold","type":"DatabricksNotebook","dependsOn":[{"activity":"bronze_to_silver","dependencyConditions":["Succeeded"]}],"policy":{"timeout":"0.12:00:00","retry":0,"retryIntervalInSeconds":30,"secureOutput":false,"secureInput":false},"userProperties":[],"typeProperties":{"notebookPath":"/Shared/final/silver to gold"},"linkedServiceName":{"referenceName":"[parameters('AzureDatabricks1')]","type":"LinkedServiceReference"}},{"name":"storage_mount","type":"DatabricksNotebook","dependsOn":[{"activity":"ForEach_tablename","dependencyConditions":["Succeeded"]}],"policy":{"timeout":"0.12:00:00","retry":0,"retryIntervalInSeconds":30,"secureOutput":false,"secureInput":false},"userProperties":[],"typeProperties":{"notebookPath":"/Shared/final/storage mount"},"linkedServiceName":{"referenceName":"[parameters('AzureDatabricks1')]","type":"LinkedServiceReference"}}],"policy":{"elapsedTimeMetric":{}},"annotations":[],"lastPublishTime":"2024-01-10T17:38:31Z"},"dependsOn":["[concat(variables('factoryId'), '/datasets/schema_table_name')]","[concat(variables('factoryId'), '/datasets/SqlServerTable1')]","[concat(variables('factoryId'), '/datasets/Parquet_target_files')]"]},{"name":"[concat(parameters('factoryName'), '/schema_table_name')]","type":"Microsoft.DataFactory/factories/datasets","apiVersion":"2018-06-01","properties":{"linkedServiceName":{"referenceName":"[parameters('SqlServer1')]","type":"LinkedServiceReference"},"annotations":[],"type":"SqlServerTable","schema":[],"typeProperties":{}},"dependsOn":[]},{"name":"[concat(parameters('factoryName'), '/SqlServerTable1')]","type":"Microsoft.DataFactory/factories/datasets","apiVersion":"2018-06-01","properties":{"linkedServiceName":{"referenceName":"[parameters('SqlServer1')]","type":"LinkedServiceReference"},"annotations":[],"type":"SqlServerTable","schema":[],"typeProperties":{}},"dependsOn":[]},{"name":"[concat(parameters('factoryName'), '/Parquet_target_files')]","type":"Microsoft.DataFactory/factories/datasets","apiVersion":"2018-06-01","properties":{"linkedServiceName":{"referenceName":"[parameters('AzureDataLakeStorage1')]","type":"LinkedServiceReference"},"parameters":{"schemaname":{"type":"string"},"tablename":{"type":"string"}},"annotations":[],"type":"Parquet","typeProperties":{"location":{"type":"AzureBlobFSLocation","fileName":{"value":"@concat(dataset().tablename,'.parquet')","type":"Expression"},"folderPath":{"value":"@concat(dataset().schemaname,'/',dataset().tablename)","type":"Expression"},"fileSystem":"bronze"},"compressionCodec":"snappy"},"schema":[{"name":"AddressID","type":"INT32"},{"name":"AddressLine1","type":"UTF8"},{"name":"AddressLine2","type":"UTF8"},{"name":"City","type":"UTF8"},{"name":"StateProvince","type":"UTF8"},{"name":"CountryRegion","type":"UTF8"},{"name":"PostalCode","type":"UTF8"},{"name":"rowguid","type":"UTF8"},{"name":"ModifiedDate","type":"INT96"}]},"dependsOn":[]}]}